Category,Subcategory,URL
auto services,Auto Body Shops,https://www.yellowpages.com/rockville-md/automobile-body-repairing-painting
auto services,Auto Glass Repair,https://www.yellowpages.com/rockville-md/windshield-repair
auto services,Auto Parts,https://www.yellowpages.com/rockville-md/automobile-parts-supplies
auto services,Auto Repair,https://www.yellowpages.com/rockville-md/auto-repair-service
auto services,Car Detailing,https://www.yellowpages.com/rockville-md/automobile-detailing
auto services,Oil Change,https://www.yellowpages.com/rockville-md/auto-oil-lube
auto services,Roadside Assistance,https://www.yellowpages.com/rockville-md/automotive-roadside-service
auto services,Tire Shops,https://www.yellowpages.com/rockville-md/tire-dealers
auto services,Towing,https://www.yellowpages.com/rockville-md/towing
auto services,Window Tinting,https://www.yellowpages.com/rockville-md/window-tinting
beauty,Barber Shops,https://www.yellowpages.com/rockville-md/barbers
beauty,Beauty Salons,https://www.yellowpages.com/rockville-md/beauty-salons
beauty,Beauty Supplies,https://www.yellowpages.com/rockville-md/beauty-supplies-equipment
beauty,Days Spas,https://www.yellowpages.com/rockville-md/day-spas
beauty,Facial Salons,https://www.yellowpages.com/rockville-md/skin-care
beauty,Hair Removal,https://www.yellowpages.com/rockville-md/hair-removal
beauty,Hair Supplies,https://www.yellowpages.com/rockville-md/hair-supplies-accessories
beauty,Hair Stylists,https://www.yellowpages.com/rockville-md/hair-stylists
beauty,Massage,https://www.yellowpages.com/rockville-md/massage-therapists
beauty,Nail Salons,https://www.yellowpages.com/rockville-md/nail-salons
home services,Ac Repair,https://www.yellowpages.com/rockville-md/air-conditioning-service-repair
home services,Appliance Repair,https://www.yellowpages.com/rockville-md/major-appliance-refinishing-repair
home services,Carpet Cleaning,https://www.yellowpages.com/rockville-md/carpet-rug-cleaners
home services,Electricians,https://www.yellowpages.com/rockville-md/electricians
home services,Garage Door Repair,https://www.yellowpages.com/rockville-md/garage-doors-openers
home services,Moving Companies,https://www.yellowpages.com/rockville-md/movers
home services,Pest Control Services,https://www.yellowpages.com/rockville-md/pest-control-services
home services,Plumbers,https://www.yellowpages.com/rockville-md/plumbers
home services,Self Storage,https://www.yellowpages.com/rockville-md/self-storage
insurance,Boat Insurance,https://www.yellowpages.com/rockville-md/boat-marine-insurance
insurance,Business Insurance,https://www.yellowpages.com/rockville-md/business-commercial-insurance
insurance,Car Insurance,https://www.yellowpages.com/rockville-md/auto-insurance
insurance,Dental Insurance,https://www.yellowpages.com/rockville-md/dental-insurance
insurance,Disability Insurance,https://www.yellowpages.com/rockville-md/workers-compensation-disability-insurance
insurance,Flood Insurance,https://www.yellowpages.com/rockville-md/flood-insurance
insurance,Home Insurance,https://www.yellowpages.com/rockville-md/homeowners-insurance
insurance,Insurance,https://www.yellowpages.com/rockville-md/insurance
insurance,Liability Insurance,https://www.yellowpages.com/rockville-md/liability-malpractice-insurance
insurance,Life Insurance,https://www.yellowpages.com/rockville-md/life-insurance
legal services,Attorneys,https://www.yellowpages.com/rockville-md/attorneys
legal services,Bail Bonds,https://www.yellowpages.com/rockville-md/bail-bonds
legal services,Bankruptcy Attorneys,https://www.yellowpages.com/rockville-md/bankruptcy-law-attorneys
legal services,Car Accident Lawyer,https://www.yellowpages.com/rockville-md/automobile-accident-attorneys
legal services,Divorce Attorneys,https://www.yellowpages.com/rockville-md/divorce-attorneys
legal services,Family Law Attorneys,https://www.yellowpages.com/rockville-md/family-law-attorneys
legal services,Lie Detector Tests,https://www.yellowpages.com/rockville-md/lie-detection-service
legal services,Private Investigators,https://www.yellowpages.com/rockville-md/private-investigators-detectives
legal services,Process Servers,https://www.yellowpages.com/rockville-md/process-servers
legal services,Stenographers,https://www.yellowpages.com/rockville-md/stenographers-public
legal services,Tax Attorneys,https://www.yellowpages.com/rockville-md/tax-attorneys
medical services,Dentists,https://www.yellowpages.com/rockville-md/dentists
medical services,Dermatologists,https://www.yellowpages.com/rockville-md/physicians-surgeons-dermatology
medical services,Doctors,https://www.yellowpages.com/rockville-md/physicians-surgeons
medical services,Endocrinologists,https://www.yellowpages.com/rockville-md/physicians-surgeons-endocrinology-diabetes-metabolism
medical services,Gynecologists,https://www.yellowpages.com/rockville-md/physicians-surgeons-gynecology
medical services,Hospitals,https://www.yellowpages.com/rockville-md/hospitals
medical services,Neurologists,https://www.yellowpages.com/rockville-md/physicians-surgeons-neurology
medical services,Ophthalmologists,https://www.yellowpages.com/rockville-md/physicians-surgeons-ophthalmology
medical services,Optometrists,https://www.yellowpages.com/rockville-md/optometrists
medical services,Physical Therapy,https://www.yellowpages.com/rockville-md/physical-therapists
medical services,Podiatrists,https://www.yellowpages.com/rockville-md/physicians-surgeons-podiatrists
pet services,Animal Shelters,https://www.yellowpages.com/rockville-md/animal-shelters
pet services,Dog Training,https://www.yellowpages.com/rockville-md/dog-training
pet services,Doggy Daycares,https://www.yellowpages.com/rockville-md/dog-day-care
pet services,Emergency Vets,https://www.yellowpages.com/rockville-md/veterinarian-emergency-services
pet services,Kennels,https://www.yellowpages.com/rockville-md/kennels
pet services,Mobile Pet Grooming,https://www.yellowpages.com/rockville-md/mobile-pet-grooming
pet services,Pet Boarding,https://www.yellowpages.com/rockville-md/pet-boarding-kennels
pet services,Pet Cemeteries,https://www.yellowpages.com/rockville-md/pet-cemeteries-crematories
pet services,Pet Grooming,https://www.yellowpages.com/rockville-md/pet-grooming
pet services,Veterinary Clinics,https://www.yellowpages.com/rockville-md/veterinary-clinics-hospitals
restaurants,Breakfast Restaurants,https://www.yellowpages.com/rockville-md/breakfast-brunch-lunch-restaurants
restaurants,Chinese Restaurants,https://www.yellowpages.com/rockville-md/chinese-restaurants
restaurants,Cuban Restaurants,https://www.yellowpages.com/rockville-md/cuban-restaurants
restaurants,Italian Restaurants,https://www.yellowpages.com/rockville-md/italian-restaurants
restaurants,Korean Restaurants,https://www.yellowpages.com/rockville-md/korean-restaurants
restaurants,Mexican Restaurants,https://www.yellowpages.com/rockville-md/mexican-restaurants
restaurants,Seafood Restaurants,https://www.yellowpages.com/rockville-md/seafood-restaurants
restaurants,Sushi Bars,https://www.yellowpages.com/rockville-md/sushi-bars
restaurants,Thai Restaurants,https://www.yellowpages.com/rockville-md/thai-restaurants
restaurants,Vegetarian Restaurants,https://www.yellowpages.com/rockville-md/vegetarian-restaurants
restaurants,Pizza Parlors,https://www.yellowpages.com/rockville-md/pizza
restaurants,Fast Food Restaurants,https://www.yellowpages.com/rockville-md/fast-food-restaurants
restaurants,Steak Houses,https://www.yellowpages.com/rockville-md/steak-houses
restaurants,Family Style Restaurants,https://www.yellowpages.com/rockville-md/family-style-restaurants
restaurants,Barbecue Restaurants,https://www.yellowpages.com/rockville-md/barbecue-restaurants
restaurants,Take Out Restaurants,https://www.yellowpages.com/rockville-md/take-out-restaurants
